Architecture,Dataset,Horizon,Horizon_K,Threshold,Calibrated,Accuracy,Precision,Recall,F1,FPR,FPR_Percent,ROC_AUC,Brier_Score,ECE,State_MAE,Stage_Macro_F1,Total_Parameters,Model_Size_KB,Training_Time_s,Latency_per_Sample_ms
Logistic_Regression,CIC-IDS2017,+30s,1,0.5,No,0.6238,0.0287,0.08,0.0423,0.3133,31.33%,N/A,N/A,N/A,N/A,N/A,23,1.0,0.45,0.0012
Logistic_Regression,CIC-IDS2017,+90s,3,0.5,No,0.6183,0.0191,0.0533,0.0282,0.3164,31.64%,N/A,N/A,N/A,N/A,N/A,23,1.0,0.45,0.0012
Logistic_Regression,CIC-IDS2017,+180s,6,0.5,No,0.6252,0.0291,0.0779,0.0424,0.3096,30.96%,N/A,N/A,N/A,N/A,N/A,23,1.0,0.45,0.0012
Logistic_Regression,UNSW-NB15,+30s,1,0.5,No,0.9794,0.9794,1.0,0.9896,0.9,90.0%,N/A,N/A,N/A,N/A,N/A,23,1.0,0.45,0.0012
Logistic_Regression,UNSW-NB15,+90s,3,0.5,No,0.9748,0.9771,0.9977,0.9873,1.0,100.0%,N/A,N/A,N/A,N/A,N/A,23,1.0,0.45,0.0012
Logistic_Regression,UNSW-NB15,+180s,6,0.5,No,0.9748,0.9771,0.9977,0.9873,1.0,100.0%,N/A,N/A,N/A,N/A,N/A,23,1.0,0.45,0.0012
Logistic_Regression,CTU-13,+30s,1,0.5,No,0.8229,0.9778,0.8274,0.8963,0.2316,23.16%,N/A,N/A,N/A,N/A,N/A,23,1.0,0.45,0.0012
Logistic_Regression,CTU-13,+90s,3,0.5,No,0.8149,0.9754,0.8203,0.8912,0.2514,25.14%,N/A,N/A,N/A,N/A,N/A,23,1.0,0.45,0.0012
Logistic_Regression,CTU-13,+180s,6,0.5,No,0.8208,0.9718,0.8288,0.8946,0.268,26.8%,N/A,N/A,N/A,N/A,N/A,23,1.0,0.45,0.0012
Logistic_Regression,Overall,+30s,1,0.5,No,0.806,0.9789,0.7619,0.8569,0.0527,5.27%,N/A,N/A,N/A,N/A,N/A,23,1.0,0.45,0.0012
Logistic_Regression,Overall,+90s,3,0.5,No,0.8023,0.9765,0.7588,0.854,0.0585,5.85%,N/A,N/A,N/A,N/A,N/A,23,1.0,0.45,0.0012
Logistic_Regression,Overall,+180s,6,0.5,No,0.8048,0.9755,0.7617,0.8555,0.06,6.0%,N/A,N/A,N/A,N/A,N/A,23,1.0,0.45,0.0012
LSTM_World_Model,CIC-IDS2017,+30s,1,0.5,No,0.657,0.0,0.0,0.0,0.267,26.7%,0.81,0.24,0.18,0.235,0.2226,278240,1103.6,69.8,0.0434
LSTM_World_Model,CIC-IDS2017,+90s,3,0.5,No,0.6625,0.0,0.0,0.0,0.2608,26.08%,0.81,0.24,0.18,0.2366,0.2357,278240,1103.6,69.8,0.0434
LSTM_World_Model,CIC-IDS2017,+180s,6,0.5,No,0.6432,0.0,0.0,0.0,0.2802,28.02%,0.81,0.24,0.18,0.2469,0.2354,278240,1103.6,69.8,0.0434
LSTM_World_Model,UNSW-NB15,+30s,1,0.5,No,0.7437,0.973,0.7588,0.8526,0.9,90.0%,0.81,0.24,0.18,0.1438,0.1361,278240,1103.6,69.8,0.0434
LSTM_World_Model,UNSW-NB15,+90s,3,0.5,No,0.7437,0.973,0.7588,0.8526,0.9,90.0%,0.81,0.24,0.18,0.1478,0.1155,278240,1103.6,69.8,0.0434
LSTM_World_Model,UNSW-NB15,+180s,6,0.5,No,0.7803,0.9769,0.7939,0.876,0.8,80.0%,0.81,0.24,0.18,0.1439,0.1211,278240,1103.6,69.8,0.0434
LSTM_World_Model,CTU-13,+30s,1,0.5,No,0.603,0.9191,0.6258,0.7446,0.678,67.8%,0.81,0.24,0.18,0.1898,0.6173,278240,1103.6,69.8,0.0434
LSTM_World_Model,CTU-13,+90s,3,0.5,No,0.5805,0.9195,0.5983,0.7249,0.6369,63.69%,0.81,0.24,0.18,0.1923,0.6532,278240,1103.6,69.8,0.0434
LSTM_World_Model,CTU-13,+180s,6,0.5,No,0.5919,0.8968,0.6275,0.7384,0.8041,80.41%,0.81,0.24,0.18,0.196,0.5374,278240,1103.6,69.8,0.0434
LSTM_World_Model,Overall,+30s,1,0.5,No,0.6316,0.8482,0.6295,0.7226,0.3617,36.17%,0.81,0.24,0.18,0.1934,0.3031,278240,1103.6,69.8,0.0434
LSTM_World_Model,Overall,+90s,3,0.5,No,0.6176,0.8478,0.6072,0.7076,0.3489,34.89%,0.81,0.24,0.18,0.1959,0.3224,278240,1103.6,69.8,0.0434
LSTM_World_Model,Overall,+180s,6,0.5,No,0.6259,0.8309,0.636,0.7205,0.4059,40.59%,0.81,0.24,0.18,0.2,0.3079,278240,1103.6,69.8,0.0434
GRU_World_Model,CIC-IDS2017,+30s,1,0.5,No,0.6404,0.0157,0.04,0.0226,0.2901,29.01%,0.2223,0.1975,0.2768,0.235,0.2226,225760,898.4,118.4,0.0489
GRU_World_Model,CIC-IDS2017,+90s,3,0.5,No,0.6183,0.0237,0.0667,0.035,0.3179,31.79%,0.2287,0.2089,0.3033,0.2366,0.2357,225760,898.4,118.4,0.0489
GRU_World_Model,CIC-IDS2017,+180s,6,0.5,No,0.6307,0.025,0.0649,0.0361,0.3019,30.19%,0.2396,0.1985,0.267,0.2469,0.2354,225760,898.4,118.4,0.0489
GRU_World_Model,UNSW-NB15,+30s,1,0.5,No,0.9611,0.9767,0.9836,0.9802,1.0,100.0%,0.3082,0.0398,0.0487,0.1438,0.1361,225760,898.4,118.4,0.0489
GRU_World_Model,UNSW-NB15,+90s,3,0.5,No,0.9634,0.9768,0.9859,0.9814,1.0,100.0%,0.4991,0.0375,0.0479,0.1478,0.1155,225760,898.4,118.4,0.0489
GRU_World_Model,UNSW-NB15,+180s,6,0.5,No,0.9611,0.9767,0.9836,0.9802,1.0,100.0%,0.7681,0.0366,0.0584,0.1439,0.1211,225760,898.4,118.4,0.0489
GRU_World_Model,CTU-13,+30s,1,0.5,No,0.8255,0.9189,0.8898,0.9041,0.9661,96.61%,0.7905,0.1167,0.1429,0.1898,0.6173,225760,898.4,118.4,0.0489
GRU_World_Model,CTU-13,+90s,3,0.5,No,0.8476,0.9251,0.9085,0.9168,0.8939,89.39%,0.8166,0.1032,0.1294,0.1923,0.6532,225760,898.4,118.4,0.0489
GRU_World_Model,CTU-13,+180s,6,0.5,No,0.8191,0.9169,0.8829,0.8996,0.8918,89.18%,0.781,0.1222,0.1465,0.196,0.5374,225760,898.4,118.4,0.0489
GRU_World_Model,Overall,+30s,1,0.5,No,0.8043,0.8648,0.881,0.8728,0.4419,44.19%,0.8899,0.1238,0.1135,0.1934,0.3031,225760,898.4,118.4,0.0489
GRU_World_Model,Overall,+90s,3,0.5,No,0.8148,0.8647,0.8973,0.8807,0.4492,44.92%,0.8956,0.1168,0.0958,0.1959,0.3224,225760,898.4,118.4,0.0489
GRU_World_Model,Overall,+180s,6,0.5,No,0.798,0.8606,0.8754,0.8679,0.4447,44.47%,0.8852,0.1273,0.1087,0.2,0.3079,225760,898.4,118.4,0.0489
GRU_Phase16_Calibrated,Overall,+30s,1,0.45,Yes (Platt),0.8134,0.9801,0.7709,0.863,0.0503,5.03%,0.8899,0.2193,0.2829,0.1934,0.3031,225760,898.4,118.4,0.0489
GRU_Phase16_Calibrated,Overall,+90s,3,0.45,Yes (Platt),0.8168,0.9802,0.7752,0.8657,0.0502,5.02%,0.8956,0.2171,0.277,0.1959,0.3224,225760,898.4,118.4,0.0489
GRU_Phase16_Calibrated,Overall,+180s,6,0.45,Yes (Platt),0.8102,0.9668,0.7764,0.8612,0.0835,8.35%,0.8852,0.218,0.2803,0.2,0.3079,225760,898.4,118.4,0.0489
GRU_Phase16_Calibrated,CIC-IDS2017,+30s,1,0.45,Yes (Platt),0.8963,0.0,0.0,0.0,0.0,0.0%,0.2223,0.1663,0.2436,0.235,0.2226,225760,898.4,118.4,0.0489
GRU_Phase16_Calibrated,CIC-IDS2017,+90s,3,0.45,Yes (Platt),0.8963,0.0,0.0,0.0,0.0,0.0%,0.2287,0.1682,0.2498,0.2366,0.2357,225760,898.4,118.4,0.0489
GRU_Phase16_Calibrated,CIC-IDS2017,+180s,6,0.45,Yes (Platt),0.888,0.0,0.0,0.0,0.0062,0.62%,0.2396,0.167,0.238,0.2469,0.2354,225760,898.4,118.4,0.0489
GRU_Phase16_Calibrated,UNSW-NB15,+30s,1,0.45,Yes (Platt),0.9062,0.9777,0.9251,0.9507,0.9,90.0%,0.3082,0.1934,0.4091,0.1438,0.1361,225760,898.4,118.4,0.0489
GRU_Phase16_Calibrated,UNSW-NB15,+90s,3,0.45,Yes (Platt),0.9085,0.9778,0.9274,0.9519,0.9,90.0%,0.4991,0.196,0.4136,0.1478,0.1155,225760,898.4,118.4,0.0489
GRU_Phase16_Calibrated,UNSW-NB15,+180s,6,0.45,Yes (Platt),0.9108,0.9802,0.9274,0.9531,0.8,80.0%,0.7681,0.1937,0.4135,0.1439,0.1211,225760,898.4,118.4,0.0489
GRU_Phase16_Calibrated,CTU-13,+30s,1,0.45,Yes (Platt),0.7707,0.9806,0.7672,0.8609,0.1864,18.64%,0.7905,0.2403,0.4155,0.1898,0.6173,225760,898.4,118.4,0.0489
GRU_Phase16_Calibrated,CTU-13,+90s,3,0.45,Yes (Platt),0.7754,0.9807,0.7721,0.864,0.1844,18.44%,0.8166,0.2361,0.4116,0.1923,0.6532,225760,898.4,118.4,0.0489
GRU_Phase16_Calibrated,CTU-13,+180s,6,0.45,Yes (Platt),0.7677,0.9659,0.7742,0.8595,0.3041,30.41%,0.781,0.2381,0.4066,0.196,0.5374,225760,898.4,118.4,0.0489
