total_flows,unique_src_hosts,unique_dst_hosts,unique_dst_ports,unique_protocols,total_packets,total_bytes,inbound_bytes,outbound_bytes,inbound_outbound_ratio,mean_flow_duration,mean_packet_rate,mean_byte_rate,mean_iat,std_iat,syn_count,ack_count,rst_count,fin_count,connection_failure_rate,unique_host_pair_count,fan_out_ratio
1647.0,126.0,155.0,392.0,3.0,24691.0,13213307.0,259381.0,12619298.0,0.020554390541027676,9.763520738919247,8988.832824049185,239829.534342449,561720.0477972701,1177476.0394917035,95.0,648.0,0.0,18.0,0.010416666666666666,297.0,1.2301577538430524
1467.0,106.0,137.0,303.0,3.0,18839.0,10621318.0,447040.0,9793100.0,0.04564856422904247,7.992163986366735,9841.231482746709,316212.8439917479,605026.5619215777,1158556.374628834,63.0,590.0,0.0,9.0,0.015625,251.0,1.2924516108947066
1467.0,106.0,137.0,303.0,3.0,18839.0,10621318.0,447040.0,9793100.0,0.04564856422904247,7.992163986366735,9841.231482746709,316212.8439917479,605026.5619215777,1158556.374628834,63.0,590.0,0.0,9.0,0.015625,251.0,1.2924516108947066
1749.0,121.0,190.0,327.0,2.0,23778.0,11042086.0,40598.0,10752748.0,0.003775685640946329,10.286525587764437,8665.787180896254,257227.1763026796,667942.6049845436,1315793.7811168071,63.0,585.0,0.0,6.0,0.015625,332.0,1.5702466361598049
1749.0,121.0,190.0,327.0,2.0,23778.0,11042086.0,40598.0,10752748.0,0.003775685640946329,10.286525587764437,8665.787180896254,257227.1763026796,667942.6049845436,1315793.7811168071,63.0,585.0,0.0,6.0,0.015625,332.0,1.5702466361598049
1508.0,119.0,164.0,338.0,3.0,17978.0,9846119.0,4630.0,9635852.0,0.00048060093901390984,7.517449940981432,8862.644663833535,228353.4558264169,462712.2849683484,950587.8726790125,61.0,601.0,0.0,6.0,0.016129032258064516,299.0,1.378150102394872
1508.0,119.0,164.0,338.0,3.0,17978.0,9846119.0,4630.0,9635852.0,0.00048060093901390984,7.517449940981432,8862.644663833535,228353.4558264169,462712.2849683484,950587.8726790125,61.0,601.0,0.0,6.0,0.016129032258064516,299.0,1.378150102394872
2157.0,132.0,222.0,323.0,2.0,29730.0,15896247.0,13200.0,15541148.0,0.0008494223947019618,12.490850042651832,7326.5083986350355,268267.0007386137,564865.1063740029,1035571.608746163,65.0,644.0,0.0,15.0,0.015151515151515152,386.0,1.6818169077144638
2157.0,132.0,222.0,323.0,2.0,29730.0,15896247.0,13200.0,15541148.0,0.0008494223947019618,12.490850042651832,7326.5083986350355,268267.0007386137,564865.1063740029,1035571.608746163,65.0,644.0,0.0,15.0,0.015151515151515152,386.0,1.6818169077144638
964.0,111.0,133.0,294.0,3.0,10925.0,6349473.0,2950.0,6228419.0,0.00047379592256142005,5.700360928423238,10478.16544623385,144295.69810452044,451314.92051451025,873501.4359573106,71.0,577.0,0.0,18.0,0.013888888888888888,251.0,1.1981971187413345
